{
  "parent": "minecraft:item/generated",
  "textures": {
    "layer0": "mcdblocks:item/rune_03"
  },
  "display": {
    "thirdperson_righthand": {
      "rotation": [
        75,
        45,
        0
      ],
      "translation": [
        0,
        2.5,
        0
      ],
      "scale": [
        0.375,
        0.375,
        0.375
      ]
    },
    "thirdperson_lefthand": {
      "rotation": [
        75,
        45,
        0
      ],
      "translation": [
        0,
        2.5,
        0
      ],
      "scale": [
        0.375,
        0.375,
        0.375
      ]
    },
    "firstperson_righthand": {
      "rotation": [
        0,
        45,
        0
      ],
      "scale": [
        0.4,
        0.4,
        0.4
      ]
    },
    "firstperson_lefthand": {
      "rotation": [
        0,
        225,
        0
      ],
      "scale": [
        0.4,
        0.4,
        0.4
      ]
    },
    "ground": {
      "translation": [
        0,
        3,
        0
      ],
      "scale": [
        0.25,
        0.25,
        0.25
      ]
    },
    "gui": {
      "rotation": [
        30,
        225,
        0
      ],
      "scale": [
        0.625,
        0.625,
        0.625
      ]
    },
    "head": {
      "rotation": [
        0,
        180,
        0
      ],
      "translation": [
        0,
        13,
        7
      ]
    },
    "fixed": {
      "scale": [
        0.5,
        0.5,
        0.5
      ]
    }
  }
}