{
  "credit": "Made with Blockbench",
  "textures": {
    "0": "mcdblocks:item/rune_04",
    "particle": "mcdblocks:item/rune_04"
  },
  "elements": [
    {
      "from": [
        0,
        0,
        0
      ],
      "to": [
        16,
        16,
        16
      ],
      "faces": {
        "north": {
          "uv": [
            0,
            0,
            16,
            16
          ],
          "texture": "#0"
        },
        "east": {
          "uv": [
            0,
            0,
            16,
            16
          ],
          "texture": "#0"
        },
        "south": {
          "uv": [
            0,
            0,
            16,
            16
          ],
          "texture": "#0"
        },
        "west": {
          "uv": [
            0,
            0,
            16,
            16
          ],
          "texture": "#0"
        },
        "up": {
          "uv": [
            0,
            0,
            16,
            16
          ],
          "texture": "#0"
        },
        "down": {
          "uv": [
            0,
            0,
            16,
            16
          ],
          "texture": "#0"
        }
      }
    }
  ],
  "gui_light": "front",
  "display": {
    "thirdperson_righthand": {
      "rotation": [
        75,
        45,
        0
      ],
      "translation": [
        0,
        2.5,
        0
      ],
      "scale": [
        0.375,
        0.375,
        0.375
      ]
    },
    "firstperson_righthand": {
      "rotation": [
        0,
        45,
        0
      ],
      "scale": [
        0.4,
        0.4,
        0.4
      ]
    },
    "firstperson_lefthand": {
      "rotation": [
        0,
        225,
        0
      ],
      "scale": [
        0.4,
        0.4,
        0.4
      ]
    },
    "ground": {
      "translation": [
        0,
        3,
        0
      ],
      "scale": [
        0.25,
        0.25,
        0.25
      ]
    },
    "gui": {
      "rotation": [
        30,
        225,
        0
      ],
      "scale": [
        0.625,
        0.625,
        0.625
      ]
    },
    "fixed": {
      "scale": [
        0.5,
        0.5,
        0.5
      ]
    }
  }
}